,fit_time,score_time,test_score,train_score
Dummy,0.000663137435913086,0.0005768775939941406,0.6987500000000001,0.6987499999999999
Logistic Regression,0.004601573944091797,0.0012021541595458984,0.7425,0.783125
Random Forest,0.46593503952026366,0.06521811485290527,0.75375,1.0
