,fit_time,score_time,test_score,train_score
Dummy,0.00509486198425293,0.006081485748291015,0.6987500000000001,0.6987499999999999
Logistic Regression,0.10704894065856933,0.010378789901733399,0.7425,0.783125
Random Forest,1.1510525703430177,0.10737843513488769,0.75375,1.0
