,fit_time,score_time,test_score,train_score
Dummy,0.0013741016387939452,0.0007453441619873046,0.6987500000000001,0.6987499999999999
Logistic Regression,0.5941249847412109,0.011908292770385742,0.7425,0.783125
Random Forest,0.2482834815979004,0.02921886444091797,0.75375,1.0
