,fit_time,score_time,test_score,train_score
Dummy,0.0014278888702392578,0.0014338493347167969,0.6987500000000001,0.6987499999999999
Logistic Regression,0.5932803153991699,0.014864063262939453,0.7425,0.783125
Random Forest,0.27236433029174806,0.029878568649291993,0.75375,1.0
