,fit_time,score_time,test_score,train_score
Dummy,0.0002489566802978516,0.0002483844757080078,0.6987500000000001,0.6987499999999999
Logistic Regression,0.0036449432373046875,0.0005208969116210938,0.7425,0.783125
Random Forest,0.06814823150634766,0.012502956390380859,0.75625,1.0
