,fit_time,score_time,test_score,train_score
Dummy,0.0002564907073974609,0.0002467632293701172,0.6987500000000001,0.6987499999999999
Logistic Regression,0.003825473785400391,0.0005206108093261719,0.7425,0.783125
Random Forest,0.06873545646667481,0.012806034088134766,0.75625,1.0
