,fit_time,score_time,test_score,train_score
Dummy,0.0009639739990234375,0.0006513118743896485,0.6987500000000001,0.6987499999999999
Logistic Regression,0.004532718658447265,0.0012124538421630859,0.7425,0.783125
Random Forest,0.3368865489959717,0.04357833862304687,0.75375,1.0
